{"cameraMode":{"drawMode":0,"name":"Shaded","section":"Shading Mode"},"sceneLighting":true,"audioPlay":false,"sceneViewState":{"showFog":true,"showMaterialUpdate":false,"showSkybox":true,"showFlares":true,"showImageEffects":true,"showParticleSystems":true},"in2DMode":false,"pivot":{"x":1.8067169189453126,"y":0.2611442804336548,"z":-19.871095657348634},"rotation":{"x":-0.0709996372461319,"y":-0.5380714535713196,"z":0.04256449267268181,"w":-0.8392606377601624},"size":8.60887336730957,"orthographic":false}